trial_id,recall,alpha,topK
107,0.233533551,0.100322288,91
183,0.233509225,0.119549759,95
154,0.233506341,0.121836835,95
184,0.233499479,0.120343019,95
186,0.233477123,0.124093189,95
181,0.23347142,0.113163051,92
54,0.233469867,0.100829341,90
142,0.233469482,0.107940952,92
121,0.233469459,0.108100722,92
126,0.233468747,0.112949703,92
123,0.233465827,0.11237142,92
131,0.233463884,0.1078756,92
122,0.233463448,0.108205008,92
199,0.233463447,0.10824617,92
161,0.233461385,0.112225503,92
143,0.233457711,0.110870126,92
139,0.233457329,0.107563752,92
125,0.233456832,0.108316978,92
66,0.233454318,0.11149579,92
197,0.233448818,0.106873138,92
132,0.233448646,0.114766445,92
182,0.233447912,0.118096933,95
148,0.233447883,0.110980731,98
145,0.233447538,0.114660517,92
133,0.233446936,0.114537963,92
92,0.233445469,0.113941581,92
198,0.233445135,0.105992678,90
62,0.233444724,0.105963374,90
101,0.233444506,0.102304536,89
190,0.233444489,0.121002789,94
168,0.233444242,0.106557121,98
56,0.233444223,0.110400202,91
164,0.23344277,0.108667923,92
82,0.233442002,0.108654005,92
119,0.233441966,0.108593638,90
129,0.233441682,0.117027724,94
174,0.233441464,0.108945871,92
112,0.233440727,0.10012933,89
195,0.23343978,0.11941177,94
116,0.233439475,0.1101942,90
163,0.233439279,0.112564158,90
192,0.233439235,0.117921347,95
51,0.233439235,0.100167165,89
39,0.233437911,0.100344629,88
173,0.233437013,0.117233734,90
97,0.23343565,0.102709194,89
172,0.233435223,0.114078465,92
81,0.233435069,0.102562221,89
151,0.233432567,0.115582871,92
71,0.233430592,0.103340093,89
120,0.233428006,0.118472648,90
88,0.233427481,0.113567778,94
45,0.233424149,0.100570895,88
141,0.233422976,0.104672126,91
83,0.23341997,0.107942404,98
136,0.233419533,0.112471777,94
137,0.233419154,0.105733645,95
44,0.233417508,0.10246182,88
78,0.233417146,0.102688618,90
47,0.233415997,0.108223696,90
72,0.233415804,0.104894317,91
162,0.233412341,0.11059971,93
91,0.233411776,0.11171352,94
135,0.233410909,0.119142514,92
108,0.233408995,0.106670019,91
113,0.23340781,0.106211143,91
61,0.233406028,0.111228972,90
128,0.233405278,0.112275884,93
147,0.233402219,0.118654794,91
177,0.233401982,0.107805069,91
68,0.233400207,0.119026965,92
166,0.233399616,0.1144255,94
159,0.233397491,0.107628786,95
189,0.233394997,0.12107209,90
146,0.233390074,0.109163999,94
74,0.233388604,0.114639075,93
155,0.233387196,0.110234386,96
117,0.233386954,0.115679199,93
176,0.233386138,0.125154788,94
118,0.233385805,0.110646047,95
165,0.233385662,0.105318481,88
170,0.233385231,0.111204558,96
59,0.233385211,0.100217703,92
70,0.233385024,0.110292866,96
85,0.23338457,0.117581725,92
103,0.233382197,0.102491368,93
50,0.233379019,0.107009595,89
157,0.233377161,0.121929154,93
167,0.23337701,0.119990908,91
38,0.233375485,0.102732917,94
193,0.233373897,0.119198988,91
94,0.233372156,0.121634342,92
196,0.233372033,0.117056323,96
152,0.233368884,0.107838515,94
93,0.233368417,0.107674737,89
33,0.233365756,0.126738591,95
194,0.233365193,0.123931044,93
96,0.233358883,0.117095523,99
156,0.233358103,0.104674741,95
79,0.233356882,0.131536073,95
140,0.233352741,0.107356217,93
144,0.23335105,0.112132301,96
105,0.233346032,0.109255401,89
102,0.233345393,0.100667627,87
114,0.233342612,0.100636782,87
67,0.233341985,0.113356538,98
127,0.233339031,0.121014341,96
175,0.233337645,0.112312816,89
187,0.233331818,0.134882249,95
191,0.233329134,0.128916965,97
40,0.233328654,0.100241555,87
106,0.233328612,0.113222633,97
180,0.233324308,0.103728651,93
36,0.233324132,0.103922986,94
20,0.233320385,0.135876681,93
124,0.233319292,0.114144104,97
169,0.233318355,0.103634166,93
111,0.2333181,0.103615828,93
188,0.233316649,0.124818088,96
150,0.233305085,0.110788894,99
41,0.233290066,0.102441742,87
31,0.233289882,0.144305985,95
138,0.233283921,0.115897653,100
115,0.233282413,0.10004007,85
130,0.233277963,0.124153879,98
109,0.233274086,0.100612072,95
153,0.233273495,0.112541892,88
77,0.233260637,0.111624001,88
179,0.23325071,0.110251685,88
90,0.233250447,0.102691484,96
13,0.23324764,0.143951333,97
19,0.233243925,0.149167419,97
55,0.233241266,0.100357456,84
52,0.233240088,0.108864935,88
98,0.233238828,0.109770841,101
65,0.233211122,0.105220249,103
100,0.233203993,0.106801917,85
21,0.23318923,0.143991562,93
25,0.233188373,0.132897691,91
87,0.233171966,0.103921214,83
58,0.233170534,0.111543381,86
84,0.233166518,0.109716379,86
63,0.233166228,0.105016791,85
104,0.233164933,0.105348632,83
22,0.233147556,0.136352229,91
160,0.233135543,0.11714333,87
95,0.23312899,0.126868923,87
26,0.233105999,0.18008784,97
48,0.233092441,0.108071245,84
32,0.233076183,0.149083805,101
42,0.233071746,0.108888995,83
23,0.233039187,0.184938847,99
11,0.233034518,0.1635664,102
34,0.233029794,0.127365032,86
37,0.233023902,0.104424252,104
5,0.232988797,0.124223436,84
10,0.23295205,0.167809848,105
64,0.232943092,0.115713354,82
75,0.232933675,0.123405732,85
7,0.232888475,0.122703499,83
17,0.232883756,0.140633425,108
76,0.232877818,0.104773945,80
46,0.232872285,0.116305427,81
1,0.232864822,0.101703578,106
73,0.232857339,0.100796812,106
30,0.232856535,0.219164715,110
28,0.232833787,0.152337694,88
6,0.232823675,0.151921585,90
12,0.232808603,0.206323255,99
53,0.232785591,0.12242604,81
2,0.232785384,0.118089898,81
99,0.232737233,0.174337504,91
35,0.232703429,0.116341499,79
24,0.232687284,0.154895305,112
89,0.232681506,0.160349972,90
171,0.232659899,0.115531807,109
49,0.232647124,0.113984093,76
43,0.232621485,0.12001493,78
60,0.232611036,0.120096657,76
15,0.2326066,0.198971856,113
27,0.232563783,0.12934652,78
110,0.232381285,0.192278223,86
0,0.232342305,0.11784032,75
158,0.232190372,0.214054048,91
16,0.232174263,0.233611107,96
9,0.232165059,0.112901286,73
3,0.232137173,0.19816617,84
29,0.232014537,0.111465263,71
149,0.232008862,0.275339584,97
57,0.231919101,0.293189805,100
86,0.231789785,0.106284731,116
14,0.231710619,0.140919543,118
8,0.231528289,0.293311889,128
185,0.231243836,0.129198848,121
4,0.231032733,0.106129827,123
69,0.229840235,0.106456792,130
80,0.229837539,0.244507838,74
18,0.229578776,0.166835905,138
178,0.22938407,0.11483524,133
134,0.228380254,0.114327445,140